web-scraper-order,web-scraper-start-url,title-link,title-link-href,title,authors,artists,description,genres,demographic,image-src
"1567114905-317","http://m.mangatown.com/directory/0-0-0-0-0-0/","Naruto
Shounen, Adventure
Author(s): Kishimoto Masashi
Views: 2019911
Jan 21, 2019","http://m.mangatown.com/manga/naruto","Naruto","Kishimoto Masashi","Artist(s): Kishimoto Masashi","Twelve years before the start of the series, a powerful creature known as the Nine-tailed Demon Fox attacked the ninja village Konohagakure, decimating many people. In response, the leader of Konohagakure's ninja military – theFourth Hokage – sacrificed his life to seal the demon inside his newly born child Naruto Uzumaki. Konohagakure, however, regarded Naruto as if he were the demon fox itself and mistreated him throughout most of his childhood.
The plot tells the story of Naruto Uzumaki, now a adolescent ninja who constantly searches for recognition and dreams to become the Hokage, the ninja in his village who is acknowledged as the leader and the strongest of all. HIDE","Genre(s): Adventure Comedy Drama FantasyAction","Shounen","https://l.mangatown.com/store/manga/8/ocover.jpg?token=452456adf15dd9e7bc1a705fc680b82f816d21ab&ttl=1567198800&v=1558500140"
"1567114936-331","http://m.mangatown.com/directory/0-0-0-0-0-0/","Shingeki no Kyojin
Shounen, Drama
Author(s): Isayama Hajime
Views: 3787495
Aug 6, 2019","http://m.mangatown.com/manga/shingeki_no_kyojin","Shingeki no Kyojin","Isayama Hajime","Artist(s): Isayama Hajime","Several hundred years ago, humans were nearly exterminated by giants. Giants are typically several stories tall, seem to have no intelligence, devour human beings and, worst of all, seem to do it for the pleasure rather than as a food source. A small percentage of humanity survived by walling themselves in a city protected by extremely high walls, even taller than the biggest of giants.
Flash forward to the present and the city has not seen a giant in over 100 years. Teenage boy Elen and his foster sister Mikasa witness something horrific as the city walls are destroyed by a super giant that appears out of thin air. As the smaller giants flood the city, the two kids watch in horror as their mother is eaten alive. Elen vows that he will murder every single giant and take revenge for all of mankind. HIDE","Genre(s): Drama Fantasy Horror Mature Mystery Supernatural TragedyAction","Shounen","https://l.mangatown.com/store/manga/8886/ocover.jpg?token=bdfa7a685fd2cf9f159736e5c88b620f8ecbc559&ttl=1567198800&v=1558497565"
"1567114940-333","http://m.mangatown.com/directory/0-0-0-0-0-0/","Tate no Yuusha no Nariagari
Seinen, Adventure
Author(s): Aneko Yusagi
Views: 4110404
Aug 6, 2019","http://m.mangatown.com/manga/tate_no_yuusha_no_nariagari","Tate no Yuusha no Nariagari","Aneko Yusagi","Artist(s): Aiya Kyu","Naofumi Iwatani, an uncharismatic Otaku who spends his days on games and manga, suddenly finds himself summoned to a parallel universe! He discovers he is one of four heroes equipped with legendary weapons and tasked with saving the world from its prophesied destruction. As the Shield Hero, the weakest of the heroes, all is not as it seems. Naofumi is soon alone, penniless, and betrayed. With no one to turn to, and nowhere to run, he is left with only his shield. Now, Naofumi must rise to become the legendary Shield Hero and save the world! HIDE","Genre(s): Adventure Fantasy Harem RomanceAction","Seinen","https://l.mangatown.com/store/manga/15063/ocover.jpg?token=a1fbc5d9b1f4fde08c3d74dce7ea3dc1b48d36fd&ttl=1567198800&v=1558497408"
"1567114947-336","http://m.mangatown.com/directory/0-0-0-0-0-0/","Shokugeki no Soma
Shounen, Cooking
Author(s): Tsukuda Yuuto
Views: 9762418
Jun 14, 2019","http://m.mangatown.com/manga/shokugeki_no_soma","Shokugeki no Soma","Tsukuda Yuuto","Artist(s): Saeki Shun","Yukihira Souma's dream is to become a full-time chef in his father's restaurant and surpass his father's culinary skill. But just as Yukihira graduates from middle schools his father, Yukihira Jouichirou, closes down the restaurant to cook in Europe. Although downtrodden, Souma's fighting spirit is rekindled by a challenge from Jouichirou which is to survive in an elite culinary school where only 10% of the students graduate. Can Souma survive? HIDE","Genre(s): Cooking Drama Ecchi Romance School LifeComedy","Shounen","https://l.mangatown.com/store/manga/12114/ocover.jpg?token=7e94884d0504d981418cfdb5b2cde061c3bc3cc7&ttl=1567198800&v=1545891970"
"1567114922-325","http://m.mangatown.com/directory/0-0-0-0-0-0/","Dungeon ni Deai o ... rou ka
Seinen, Adventure
Author(s): Oomori Fujino
Views: 2727749
Apr 11, 2019","http://m.mangatown.com/manga/dungeon_ni_deai_o_motomeru_no_wa_machigatte_iru_darou_ka","Dungeon ni Deai o Motomeru no wa Machigatte Iru Darou ka","Oomori Fujino","Artist(s): Kunieda","Bell Cranel is just trying to find his way in the world. Of course, in his case, the “world” is an enormous dungeon filled with monsters below a city run by gods and goddesses with way too much time on their hands. He’s got big dreams but not much more when a roll on the random encounter die brings him face-to-face with the girl of his dreams—but what’s an amateur adventurer got to offer a brilliant swordswoman? And what if the lonely goddess who sponsors his solo adventuring gets jealous? HIDE","Genre(s): Adventure Comedy Ecchi Fantasy Harem RomanceAction","Seinen","https://l.mangatown.com/store/manga/13613/ocover.jpg?token=e729393c7c5e86169182dab66820a6690152b921&ttl=1567198800&v=1543568462"
"1567114943-334","http://m.mangatown.com/directory/0-0-0-0-0-0/","Tales of Demons and Gods
Shounen, Adventure
Author(s): Mad Snail
Views: 4642753
Today","http://m.mangatown.com/manga/tales_of_demons_and_gods","Tales of Demons and Gods","Mad Snail","Artist(s): Mad Snail","In his past life, although too weak to protect his home when it counted, out of grave determination Nie Li became the strongest Demon Spiritist and stood at the pinnacle of the martial world. However, he lost his life during the battle with the Sage Emperor and six deity-ranked beasts.
His soul was then brought back to when he was still 13 years old. Although he's the weakest in his class with the lowest talent, having only a red soul realm and a weak one at that, with the aid of the vast knowledge which he accumulated from his previous life, he decided to train faster than anyone could expect. He also decided to help those who died nobly in his previous life to train faster as well.
He aims to protect the city from the coming future of being devastated by demon beasts and the previous fate of ending up destroyed. He aims to protect his lover, friends, family and fellow citizens who died in the beast assault or its aftermath. And he aims to destroy the so-called Sacred family who arrogantly abandoned their duty and betrayed the city in his past life. HIDE","Genre(s): Adventure Comedy Drama Fantasy Harem RomanceAction","Shounen","https://l.mangatown.com/store/manga/18607/ocover.jpg?token=48df1cf19e765e83d637a0462acb7134627bba66&ttl=1567198800&v=1558496364"
"1567114930-328","http://m.mangatown.com/directory/0-0-0-0-0-0/","Black Clover
Shounen, Adventure
Author(s): Tabata Yuuki
Views: 2944975
Aug 23, 2019","http://m.mangatown.com/manga/black_clover","Black Clover","Tabata Yuuki","Artist(s): Tabata Yuuki","In a world where magic was everything, there was a boy born unable to use any magic, and he had been abandoned to a poor church as a child. His name was Asta.
To prove oneself and to keep his promise with his friend, he aims to become the Wizard King!
An all-time favorite young and magical fantasy drawn with a beautiful touch and moved by its passionate characters! HIDE","Genre(s): Adventure Drama FantasyAction","Shounen","https://l.mangatown.com/store/manga/17375/ocover.jpg?token=c7855a016b1bd9aecf78f9ec2b200f2af67b87bd&ttl=1567198800&v=1512611294"
"1567114934-330","http://m.mangatown.com/directory/0-0-0-0-0-0/","Bleach
Shounen, Adventure
Author(s): Kubo Tite
Views: 3475975
Dec 8, 2017","http://m.mangatown.com/manga/bleach","Bleach","Kubo Tite","Artist(s): Kubo Tite","Bleach follows the adventures of Ichigo Kurosaki after he obtains the powers of a Soul Reaper —a death personification similar to the Grim Reaper—from another Soul Reaper, Rukia Kuchiki.
His newfound powers force him to take on the duties of defending humans from evil spirits and guiding departed souls to the afterlife.
What the Bleach manga attracted us is not the novel lot, but the interpretation about the fate of Ichigo Kurosaki, a young who stay with the sad memories.
The Bleach tried to outline the story out with a lot of memories and dialogues, slowly but implicative. HIDE","Genre(s): Adventure Comedy Drama Martial Arts SupernaturalAction","Shounen","https://l.mangatown.com/store/manga/9/ocover.jpg?token=cdce848b52e45e9a83b88c177e9fc27119ebe00e&ttl=1567198800&v=1558500033"
"1567114938-332","http://m.mangatown.com/directory/0-0-0-0-0-0/","Nanatsu no Taizai
Shounen, Adventure
Author(s): Suzuki Nakaba
Views: 4094838
Aug 26, 2019","http://m.mangatown.com/manga/nanatsu_no_taizai","Nanatsu no Taizai","Suzuki Nakaba","Artist(s): Suzuki Nakaba","The ""Seven Deadly Sins"", a group of evil knights who conspired to overthrow the kingdom of Britannia, were said to have been eradicated by the Holy Knights, although some claim that they still live. Ten years later, the Holy Knights have staged a Coup d'état and assassinated the king, becoming the new, tyrannical rulers of the kingdom. Elizabeth, the king's only daughter, sets out on a journey to find the ""Seven Deadly Sins"", and to enlist their help in taking back the kingdom. HIDE","Genre(s): Adventure Comedy Ecchi Fantasy SupernaturalAction","Shounen","https://l.mangatown.com/store/manga/11925/ocover.jpg?token=85033811dc283654c99c9083ae2965da521a52c2&ttl=1567198800&v=1558497031"
"1567114918-323","http://m.mangatown.com/directory/0-0-0-0-0-0/","Tokyo Ghoul:re
Seinen, Horror
Author(s): Ishida Sui
Views: 2511903
Nov 14, 2018","http://m.mangatown.com/manga/tokyo_ghoul_re","Tokyo Ghoul:re","Ishida Sui","Artist(s): Ishida Sui","In Tokyo, an unchanging despair is lurking.
Mysterious man-eating beings, ghouls, run rampant in Tokyo. Living hidden during everyday life, the existence of ghouls, whose true identities are shrouded in mystery, permanently terrorizes Tokyo's residents.
At CCG, the sole institution that investigates and resolves cases related to ghouls, Haise Sasaki has been assigned a certain mission. While dealing with the unruly four problem children known as ""Quinx"", has Haise's days of suffering begun? HIDE","Genre(s): Horror Mature Psychological Supernatural TragedyAction","Seinen","https://l.mangatown.com/store/manga/15429/ocover.jpg?token=5fc89a83231a9f885e4106f64d8be1718cd6d9d2&ttl=1567198800&v=1502848585"
"1567114932-329","http://m.mangatown.com/directory/0-0-0-0-0-0/","Tomo-chan wa Onnanoko!
Shounen, Comedy
Author(s): Yanagida Fumita
Views: 3006088
Jul 12, 2019","http://m.mangatown.com/manga/tomo_chan_wa_onnanoko","Tomo-chan wa Onnanoko!","Yanagida Fumita","Artist(s): Yanagida Fumita","Tomo Aizawa was able to successfully confess to her crush Junichirou Kubota. There is only one problem:
He just sees her as his buddy. He even thought that she was a boy until they went to middle school together, because her grade school was in a different school district. So, Tomo-chan's struggle for Jun's affection begins. HIDE","Genre(s): Comedy Romance School Life4 Koma","Shounen","https://l.mangatown.com/store/manga/18179/ocover.jpg?token=0c170a7fa79246d3ba971a7563ec8c697ee99134&ttl=1567198800&v=1543915150"
"1567114920-324","http://m.mangatown.com/directory/0-0-0-0-0-0/","The Gamer
Shounen, Adventure
Author(s): Sung San-young
Views: 2557021
Aug 16, 2019","http://m.mangatown.com/manga/the_gamer","The Gamer","Sung San-young","Artist(s): Sang-ah","Han Jee-Han, a normal high school student, suddenly develops a special power where his entire world is shifted into a game-like setting. He can see the power levels of people, look at the stats of a seemingly normal item, get abilities, and even level up! Follow Han Jee-Han as he discovers how to use this power, and maybe even where it came from.
What if your life is just like playing a game? What if you can upgrade your status and gain more levels? A fantasy world is coming right at you! HIDE","Genre(s): Adventure Comedy School Life Supernatural WebtoonsAction","Shounen","https://l.mangatown.com/store/manga/13739/ocover.jpg?token=bd517933c577c893e0436b5d8c92b4557e391849&ttl=1567198800&v=1544426479"
"1567114909-319","http://m.mangatown.com/directory/0-0-0-0-0-0/","Nisekoi (KOMI Naoshi)
Shounen, Drama
Author(s): Komi Naoshi
Views: 2145191
Oct 9, 2016","http://m.mangatown.com/manga/nisekoi_komi_naoshi","Nisekoi (KOMI Naoshi)","Komi Naoshi","Artist(s): Komi Naoshi","Their families are currently at war because of business rivalry: the boy's family are yakuza while the girl's family are gangsters. The leaders of both groups would like to get along, because if the war is not stopped, there will surely be many casualties. The problem is that their underlings won't listen to them, so they decided on something that will make them cooperate. They want Ichijou and Kirisaki to become lovers, so that their families will come to an understanding with each other.
Will the two of them become official lovers and make their families get along? Or will their families continue to fight and create many troubles along with it? HIDE","Genre(s): Drama Harem Romance School Life Slice Of LifeComedy","Shounen","https://l.mangatown.com/store/manga/8945/ocover.jpg?token=9ba581e6a3965f5ba31039d8af68418d318cbb4f&ttl=1567198800&v=1475140069"
"1567114913-321","http://m.mangatown.com/directory/0-0-0-0-0-0/","Monster Musume no ... chijou
Seinen, Ecchi
Author(s): Okayado
Views: 2237446
May 3, 2019","http://m.mangatown.com/manga/monster_musume_no_iru_nichijou","Monster Musume no Iru Nichijou","Okayado","Artist(s): Okayado","Monsters? They're real, and they want to date us! Three years ago, the world learned that harpies, centaurs, catgirls, and all manners of fabulous creatures are not merely fiction; they are flesh and blood?not to mention scale, feather, horn, and fang. Thanks to the ""Cultural Exchange Between Species Act,"" these once-mythical creatures have assimilated into society, or at least, they're trying.
When a hapless human teenager named Kurusu Kimihito is inducted as a ""volunteer"" into the government exchange program, his world is turned upside down. A snake-like lamia named Miia comes to live with him, and it is Kurusu's job to take care of her and make sure she integrates into his everyday life. Unfortunately for Kurusu, Miia is undeniably sexy, and the law against interspecies breeding is very strict. Even worse, when a ravishing centaur girl and a flirtatious harpy move in, what's a full-blooded teenage human with raging hormones to do? HIDE","Genre(s): Ecchi Fantasy Harem Mature Romance SupernaturalComedy","Seinen","https://l.mangatown.com/store/manga/11110/ocover.jpg?token=c3de830cf25a2ec69d02cb81b5d87b0e5ef5e044&ttl=1567198800&v=1548837206"
"1567114911-320","http://m.mangatown.com/directory/0-0-0-0-0-0/","Re:Monster
Seinen, Adventure
Author(s): Kanekiru Kogitsune
Views: 2171325
Jul 30, 2019","http://m.mangatown.com/manga/re_monster","Re:Monster","Kanekiru Kogitsune","Artist(s): Kobayakawa Haruyoshi","omokui Kanata has been re-incarnated in the weakest goblin, named Rou, after having undergone an unfortunate death. However goblin Rou has retained his previous life's memories, an unusual evolution, as well as becoming strong enough to gain status boosts from eating.
In this alternate world of survival of the fittest, events unfold with competent subordinates and comrades, delightful case of the tail-wagging dog - long-awaited survival fantasy by Komikaraizu ! HIDE","Genre(s): Adventure Comedy Fantasy Harem Mature RomanceAction","Seinen","https://l.mangatown.com/store/manga/14821/ocover.jpg?token=e3c0c0c23a28305e1c38f51c1442e43a518ecdb0&ttl=1567198800&v=1543568695"
"1567114916-322","http://m.mangatown.com/directory/0-0-0-0-0-0/","UQ Holder!
Shounen, Adventure
Author(s): Akamatsu Ken
Views: 2479185
Aug 19, 2019","http://m.mangatown.com/manga/uq_holder","UQ Holder!","Akamatsu Ken","Artist(s): Akamatsu Ken","In the decade since the world became aware of the existence of magic, the world has undergone massive upheaval. However, a boy named Touta lives in seclusion in a rural town far removed from these changes. His ordinary life is highlighted by his magic-using female teacher and his supportive friends. When his tranquil daily life is disrupted, he embarks on a unique adventure. HIDE","Genre(s): Adventure Comedy Drama Ecchi Fantasy Gender Bender Harem Romance Sci Fi SupernaturalAction","Shounen","https://l.mangatown.com/store/manga/13688/ocover.jpg?token=ea26f51d54a81e4fec94a3b4434c6ac4faadcb86&ttl=1567198800&v=1468891983"
"1567114925-326","http://m.mangatown.com/directory/0-0-0-0-0-0/","Battle Through the Heavens
Shounen, Adventure
Author(s): 任翔
Views: 2799776
Aug 21, 2019","http://m.mangatown.com/manga/battle_through_the_heavens","Battle Through the Heavens","任翔","Artist(s): N/A","In a land where no magic is present. A land where the strong makes the rules and weak has to obey. A land filled with alluring treasures and beauty yet also filled with unforeseen danger. Xiao Yan, who has shown talents none had seen in decades, suddenly three years ago lost everything, his powers, his reputation, and his promise to his mother. What sorcery has caused him to lose all of his powers? And why has his fiancee suddenly shown up? HIDE","Genre(s): Adventure Comedy Romance SupernaturalAction","Shounen","https://l.mangatown.com/store/manga/14764/ocover.jpg?token=bc098ebeb71f7b551a4834779520ca11cdfa6b27&ttl=1567198800&v=1544429622"
"1567114907-318","http://m.mangatown.com/directory/0-0-0-0-0-0/","Magika no Kenshi t ... n Maou
Seinen, Comedy
Author(s): Friendly Land
Views: 2100515
Aug 12, 2019","http://m.mangatown.com/manga/magika_no_kenshi_to_shoukan_maou","Magika no Kenshi to Shoukan Maou","Friendly Land","Artist(s): Chun","15 years ago the world discovered magic as well as mythical beings (basically beings from various legends) in another dimension. Humankind learned to summon these dangerous mythical beings and use their power to great effect. Seven countries formed contracts with these ""mythical beings"" and gained their allegiance as a result. The mythical beings will chose their summoners on their 14th birthday and give them a stigma. Schools have been set up to train summoners and magical swordsman (basically bodyguards that give the summoners time to cast their spell) as a result.
15 years later after the finding of magic Kazuki Hayashizaki is chosen as a summoner and given a stigma to indicate that. This is surprising since males aren't chosen as summoners due to their low amount of mana compared to females. As the first male to be a summoner Kazuki is under a lot of scrutiny by almost everyone.
To complicate matters his sister (who's a magical swordsman) is against him going into summoner school to train there as a summoner. Because summoners and magical swordsman have a cat mouse thing going on where summoners look down on magical swordsman as inferior so his sister naturally is against him going there. She'll stop him even if it means going to war.
Kazuki however is determined to thrive in summoner school and has already determined to give it his all. Even if he's the lowest ranked student (ranked E) and his fellow students intend to demean him he'll prove himself as the strongest summoner. HIDE","Genre(s): Comedy Ecchi Fantasy Harem Romance School Life SupernaturalAction","Seinen","https://l.mangatown.com/store/manga/14060/ocover.jpg?token=96adf9253b00e676964c3bb774d6eaf845f5337c&ttl=1567198800&v=1469095208"
"1567114928-327","http://m.mangatown.com/directory/0-0-0-0-0-0/","Soul Land
Shounen, Fantasy
Author(s): Tang Jia San Shao
Views: 2807326
Aug 21, 2019","http://m.mangatown.com/manga/soul_land","Soul Land","Tang Jia San Shao","Artist(s): Mu Feng Chun","Tang Sect, the most famous martial arts sect of all. By stealing its most secret teachings to fulfill his dreams, Tang San committed an unforgivable crime. With his ambition attained, he hands his legacy to the sect and throws himself from the fearsome “Hell’s Peak.”
But he could have never imagined that this would take him to another world, one without magic, martial arts, and grudges. A land where only the mystical souls of battle lay.
The continent of Douro.
How will Tang San survive in this unknown environment? With a new road to follow, a new legend begins… HIDE","Genre(s): Fantasy Martial Arts Romance SupernaturalAction","Shounen","https://l.mangatown.com/store/manga/14767/ocover.jpg?token=8ffe5dc3c392d46df6d785cbfe39d860fd414001&ttl=1567198800&v=1558497627"
"1567114945-335","http://m.mangatown.com/directory/0-0-0-0-0-0/","Fairy Tail
Shounen, Adventure
Author(s): Mashima Hiro
Views: 8456585
Jul 22, 2017","http://m.mangatown.com/manga/fairy_tail","Fairy Tail","Mashima Hiro","Artist(s): Mashima Hiro","Fairy Tail is a world filled with magic spells, flying cats, and exhibitionist ice mages! We travel to the land of Fiore, where we stumble upon Fairy Tail; a mage guild with the most outrageous and interesting people you can find.
Fairy Tail is trying to tell us: If there is no close relatives of words in the world, then what about the the friends company in the side ? Even though we looking for to the end of the world, but if the attachment can't be saved, the fatigue steps will not stop. HIDE","Genre(s): Adventure Comedy Drama Ecchi FantasyAction","Shounen","https://l.mangatown.com/store/manga/246/ocover.jpg?token=2a76d77b16ecf16ddb142dfa3458c643c1413744&ttl=1567198800&v=1558499289"
